{
  "project_info": {
    "project_number": "880225028168",
    "firebase_url": "https://opentrace-16071.firebaseio.com",
    "project_id": "opentrace-16071",
    "storage_bucket": "opentrace-16071.appspot.com"
  },
  "client": [
    {
      "client_info": {
        "mobilesdk_app_id": "1:880225028168:android:b60e714e6bd88267eb307d",
        "android_client_info": {
          "package_name": "ai.kun.socialdistancealarm"
        }
      },
      "oauth_client": [
        {
          "client_id": "880225028168-vefq81d5engg94ja5hqrfb7gqmve4cjh.apps.googleusercontent.com",
          "client_type": 3
        }
      ],
      "api_key": [
        {
          "current_key": "AIzaSyBf1tQ2hepg8DBSmf6Hv55zrqg39jpLetk"
        }
      ],
      "services": {
        "appinvite_service": {
          "other_platform_oauth_client": [
            {
              "client_id": "880225028168-vefq81d5engg94ja5hqrfb7gqmve4cjh.apps.googleusercontent.com",
              "client_type": 3
            },
            {
              "client_id": "880225028168-vanjm6b8n4ktibkflq6ekhdq03mdv84s.apps.googleusercontent.com",
              "client_type": 2,
              "ios_info": {
                "bundle_id": "ai.kun.Social-Distance-Alarm",
                "app_store_id": "1514318119"
              }
            }
          ]
        }
      }
    },
    {
      "client_info": {
        "mobilesdk_app_id": "1:880225028168:android:8f4f8a4621bdd406eb307d",
        "android_client_info": {
          "package_name": "app.onepointfive"
        }
      },
      "oauth_client": [
        {
          "client_id": "880225028168-vefq81d5engg94ja5hqrfb7gqmve4cjh.apps.googleusercontent.com",
          "client_type": 3
        }
      ],
      "api_key": [
        {
          "current_key": "AIzaSyBf1tQ2hepg8DBSmf6Hv55zrqg39jpLetk"
        }
      ],
      "services": {
        "appinvite_service": {
          "other_platform_oauth_client": [
            {
              "client_id": "880225028168-vefq81d5engg94ja5hqrfb7gqmve4cjh.apps.googleusercontent.com",
              "client_type": 3
            },
            {
              "client_id": "880225028168-vanjm6b8n4ktibkflq6ekhdq03mdv84s.apps.googleusercontent.com",
              "client_type": 2,
              "ios_info": {
                "bundle_id": "ai.kun.Social-Distance-Alarm",
                "app_store_id": "1514318119"
              }
            }
          ]
        }
      }
    }
  ],
  "configuration_version": "1"
}